pop1	pop2
deme001	deme002
deme001	deme012
deme001	deme013
deme002	deme001
deme002	deme003
deme002	deme013
deme002	deme014
deme003	deme002
deme003	deme004
deme003	deme014
deme003	deme015
deme004	deme003
deme004	deme005
deme004	deme015
deme004	deme016
deme005	deme004
deme005	deme006
deme005	deme016
deme005	deme017
deme006	deme005
deme006	deme007
deme006	deme017
deme006	deme018
deme007	deme006
deme007	deme008
deme007	deme018
deme007	deme019
deme008	deme007
deme008	deme009
deme008	deme019
deme008	deme020
deme009	deme008
deme009	deme010
deme009	deme020
deme009	deme021
deme010	deme009
deme010	deme011
deme010	deme021
deme010	deme022
deme011	deme010
deme011	deme022
deme011	deme023
deme012	deme001
deme012	deme013
deme012	deme024
deme012	deme025
deme013	deme001
deme013	deme002
deme013	deme012
deme013	deme014
deme013	deme025
deme013	deme026
deme014	deme002
deme014	deme003
deme014	deme013
deme014	deme015
deme014	deme026
deme014	deme027
deme015	deme003
deme015	deme004
deme015	deme014
deme015	deme016
deme015	deme027
deme015	deme028
deme016	deme004
deme016	deme005
deme016	deme015
deme016	deme017
deme016	deme028
deme016	deme029
deme017	deme005
deme017	deme006
deme017	deme016
deme017	deme018
deme017	deme029
deme017	deme030
deme018	deme006
deme018	deme007
deme018	deme017
deme018	deme019
deme018	deme030
deme018	deme031
deme019	deme007
deme019	deme008
deme019	deme018
deme019	deme020
deme019	deme031
deme019	deme032
deme020	deme008
deme020	deme009
deme020	deme019
deme020	deme021
deme020	deme032
deme020	deme033
deme021	deme009
deme021	deme010
deme021	deme020
deme021	deme022
deme021	deme033
deme021	deme034
deme022	deme010
deme022	deme011
deme022	deme021
deme022	deme023
deme022	deme034
deme022	deme035
deme023	deme011
deme023	deme022
deme023	deme035
deme023	deme036
deme024	deme012
deme024	deme025
deme024	deme037
deme024	deme038
deme025	deme012
deme025	deme013
deme025	deme024
deme025	deme026
deme025	deme038
deme025	deme039
deme026	deme013
deme026	deme014
deme026	deme025
deme026	deme027
deme026	deme039
deme026	deme040
deme027	deme014
deme027	deme015
deme027	deme026
deme027	deme028
deme027	deme040
deme027	deme041
deme028	deme015
deme028	deme016
deme028	deme027
deme028	deme029
deme028	deme041
deme028	deme042
deme029	deme016
deme029	deme017
deme029	deme028
deme029	deme030
deme029	deme042
deme029	deme043
deme030	deme017
deme030	deme018
deme030	deme029
deme030	deme031
deme030	deme043
deme030	deme044
deme031	deme018
deme031	deme019
deme031	deme030
deme031	deme032
deme031	deme044
deme031	deme045
deme032	deme019
deme032	deme020
deme032	deme031
deme032	deme033
deme032	deme045
deme032	deme046
deme033	deme020
deme033	deme021
deme033	deme032
deme033	deme034
deme033	deme046
deme033	deme047
deme034	deme021
deme034	deme022
deme034	deme033
deme034	deme035
deme034	deme047
deme034	deme048
deme035	deme022
deme035	deme023
deme035	deme034
deme035	deme036
deme035	deme048
deme035	deme049
deme036	deme023
deme036	deme035
deme036	deme049
deme036	deme050
deme037	deme024
deme037	deme038
deme037	deme051
deme037	deme052
deme038	deme024
deme038	deme025
deme038	deme037
deme038	deme039
deme038	deme052
deme038	deme053
deme039	deme025
deme039	deme026
deme039	deme038
deme039	deme040
deme039	deme053
deme039	deme054
deme040	deme026
deme040	deme027
deme040	deme039
deme040	deme041
deme040	deme054
deme040	deme055
deme041	deme027
deme041	deme028
deme041	deme040
deme041	deme042
deme041	deme055
deme041	deme056
deme042	deme028
deme042	deme029
deme042	deme041
deme042	deme043
deme042	deme056
deme042	deme057
deme043	deme029
deme043	deme030
deme043	deme042
deme043	deme044
deme043	deme057
deme043	deme058
deme044	deme030
deme044	deme031
deme044	deme043
deme044	deme045
deme044	deme058
deme044	deme059
deme045	deme031
deme045	deme032
deme045	deme044
deme045	deme046
deme045	deme059
deme045	deme060
deme046	deme032
deme046	deme033
deme046	deme045
deme046	deme047
deme046	deme060
deme046	deme061
deme047	deme033
deme047	deme034
deme047	deme046
deme047	deme048
deme047	deme061
deme047	deme062
deme048	deme034
deme048	deme035
deme048	deme047
deme048	deme049
deme048	deme062
deme048	deme063
deme049	deme035
deme049	deme036
deme049	deme048
deme049	deme050
deme049	deme063
deme049	deme064
deme050	deme036
deme050	deme049
deme050	deme064
deme050	deme065
deme051	deme037
deme051	deme052
deme051	deme066
deme051	deme067
deme052	deme037
deme052	deme038
deme052	deme051
deme052	deme053
deme052	deme067
deme052	deme068
deme053	deme038
deme053	deme039
deme053	deme052
deme053	deme054
deme053	deme068
deme053	deme069
deme054	deme039
deme054	deme040
deme054	deme053
deme054	deme055
deme054	deme069
deme054	deme070
deme055	deme040
deme055	deme041
deme055	deme054
deme055	deme056
deme055	deme070
deme055	deme071
deme056	deme041
deme056	deme042
deme056	deme055
deme056	deme057
deme056	deme071
deme056	deme072
deme057	deme042
deme057	deme043
deme057	deme056
deme057	deme058
deme057	deme072
deme057	deme073
deme058	deme043
deme058	deme044
deme058	deme057
deme058	deme059
deme058	deme073
deme058	deme074
deme059	deme044
deme059	deme045
deme059	deme058
deme059	deme060
deme059	deme074
deme059	deme075
deme060	deme045
deme060	deme046
deme060	deme059
deme060	deme061
deme060	deme075
deme060	deme076
deme061	deme046
deme061	deme047
deme061	deme060
deme061	deme062
deme061	deme076
deme061	deme077
deme062	deme047
deme062	deme048
deme062	deme061
deme062	deme063
deme062	deme077
deme062	deme078
deme063	deme048
deme063	deme049
deme063	deme062
deme063	deme064
deme063	deme078
deme063	deme079
deme064	deme049
deme064	deme050
deme064	deme063
deme064	deme065
deme064	deme079
deme064	deme080
deme065	deme050
deme065	deme064
deme065	deme080
deme065	deme081
deme066	deme051
deme066	deme067
deme066	deme082
deme066	deme083
deme067	deme051
deme067	deme052
deme067	deme066
deme067	deme068
deme067	deme083
deme067	deme084
deme068	deme052
deme068	deme053
deme068	deme067
deme068	deme069
deme068	deme084
deme068	deme085
deme069	deme053
deme069	deme054
deme069	deme068
deme069	deme070
deme069	deme085
deme069	deme086
deme070	deme054
deme070	deme055
deme070	deme069
deme070	deme071
deme070	deme086
deme070	deme087
deme071	deme055
deme071	deme056
deme071	deme070
deme071	deme072
deme071	deme087
deme071	deme088
deme072	deme056
deme072	deme057
deme072	deme071
deme072	deme073
deme072	deme088
deme072	deme089
deme073	deme057
deme073	deme058
deme073	deme072
deme073	deme074
deme073	deme089
deme073	deme090
deme074	deme058
deme074	deme059
deme074	deme073
deme074	deme075
deme074	deme090
deme074	deme091
deme075	deme059
deme075	deme060
deme075	deme074
deme075	deme076
deme075	deme091
deme075	deme092
deme076	deme060
deme076	deme061
deme076	deme075
deme076	deme077
deme076	deme092
deme076	deme093
deme077	deme061
deme077	deme062
deme077	deme076
deme077	deme078
deme077	deme093
deme077	deme094
deme078	deme062
deme078	deme063
deme078	deme077
deme078	deme079
deme078	deme094
deme078	deme095
deme079	deme063
deme079	deme064
deme079	deme078
deme079	deme080
deme079	deme095
deme079	deme096
deme080	deme064
deme080	deme065
deme080	deme079
deme080	deme081
deme080	deme096
deme080	deme097
deme081	deme065
deme081	deme080
deme081	deme097
deme081	deme098
deme082	deme066
deme082	deme083
deme082	deme099
deme082	deme100
deme083	deme066
deme083	deme067
deme083	deme082
deme083	deme084
deme083	deme100
deme083	deme101
deme084	deme067
deme084	deme068
deme084	deme083
deme084	deme085
deme084	deme101
deme084	deme102
deme085	deme068
deme085	deme069
deme085	deme084
deme085	deme086
deme085	deme102
deme085	deme103
deme086	deme069
deme086	deme070
deme086	deme085
deme086	deme087
deme086	deme103
deme086	deme104
deme087	deme070
deme087	deme071
deme087	deme086
deme087	deme088
deme087	deme104
deme087	deme105
deme088	deme071
deme088	deme072
deme088	deme087
deme088	deme089
deme088	deme105
deme088	deme106
deme089	deme072
deme089	deme073
deme089	deme088
deme089	deme090
deme089	deme106
deme089	deme107
deme090	deme073
deme090	deme074
deme090	deme089
deme090	deme091
deme090	deme107
deme090	deme108
deme091	deme074
deme091	deme075
deme091	deme090
deme091	deme092
deme091	deme108
deme091	deme109
deme092	deme075
deme092	deme076
deme092	deme091
deme092	deme093
deme092	deme109
deme092	deme110
deme093	deme076
deme093	deme077
deme093	deme092
deme093	deme094
deme093	deme110
deme093	deme111
deme094	deme077
deme094	deme078
deme094	deme093
deme094	deme095
deme094	deme111
deme094	deme112
deme095	deme078
deme095	deme079
deme095	deme094
deme095	deme096
deme095	deme112
deme095	deme113
deme096	deme079
deme096	deme080
deme096	deme095
deme096	deme097
deme096	deme113
deme096	deme114
deme097	deme080
deme097	deme081
deme097	deme096
deme097	deme098
deme097	deme114
deme097	deme115
deme098	deme081
deme098	deme097
deme098	deme115
deme098	deme116
deme099	deme082
deme099	deme100
deme099	deme117
deme099	deme118
deme100	deme082
deme100	deme083
deme100	deme099
deme100	deme101
deme100	deme118
deme100	deme119
deme101	deme083
deme101	deme084
deme101	deme100
deme101	deme102
deme101	deme119
deme101	deme120
deme102	deme084
deme102	deme085
deme102	deme101
deme102	deme103
deme102	deme120
deme102	deme121
deme103	deme085
deme103	deme086
deme103	deme102
deme103	deme104
deme103	deme121
deme103	deme122
deme104	deme086
deme104	deme087
deme104	deme103
deme104	deme105
deme104	deme122
deme104	deme123
deme105	deme087
deme105	deme088
deme105	deme104
deme105	deme106
deme105	deme123
deme105	deme124
deme106	deme088
deme106	deme089
deme106	deme105
deme106	deme107
deme106	deme124
deme106	deme125
deme107	deme089
deme107	deme090
deme107	deme106
deme107	deme108
deme107	deme125
deme107	deme126
deme108	deme090
deme108	deme091
deme108	deme107
deme108	deme109
deme108	deme126
deme108	deme127
deme109	deme091
deme109	deme092
deme109	deme108
deme109	deme110
deme109	deme127
deme109	deme128
deme110	deme092
deme110	deme093
deme110	deme109
deme110	deme111
deme110	deme128
deme110	deme129
deme111	deme093
deme111	deme094
deme111	deme110
deme111	deme112
deme111	deme129
deme111	deme130
deme112	deme094
deme112	deme095
deme112	deme111
deme112	deme113
deme112	deme130
deme112	deme131
deme113	deme095
deme113	deme096
deme113	deme112
deme113	deme114
deme113	deme131
deme113	deme132
deme114	deme096
deme114	deme097
deme114	deme113
deme114	deme115
deme114	deme132
deme114	deme133
deme115	deme097
deme115	deme098
deme115	deme114
deme115	deme116
deme115	deme133
deme115	deme134
deme116	deme098
deme116	deme115
deme116	deme134
deme116	deme135
deme117	deme099
deme117	deme118
deme117	deme136
deme117	deme137
deme118	deme099
deme118	deme100
deme118	deme117
deme118	deme119
deme118	deme137
deme118	deme138
deme119	deme100
deme119	deme101
deme119	deme118
deme119	deme120
deme119	deme138
deme119	deme139
deme120	deme101
deme120	deme102
deme120	deme119
deme120	deme121
deme120	deme139
deme120	deme140
deme121	deme102
deme121	deme103
deme121	deme120
deme121	deme122
deme121	deme140
deme121	deme141
deme122	deme103
deme122	deme104
deme122	deme121
deme122	deme123
deme122	deme141
deme122	deme142
deme123	deme104
deme123	deme105
deme123	deme122
deme123	deme124
deme123	deme142
deme123	deme143
deme124	deme105
deme124	deme106
deme124	deme123
deme124	deme125
deme124	deme143
deme124	deme144
deme125	deme106
deme125	deme107
deme125	deme124
deme125	deme126
deme125	deme144
deme125	deme145
deme126	deme107
deme126	deme108
deme126	deme125
deme126	deme127
deme126	deme145
deme126	deme146
deme127	deme108
deme127	deme109
deme127	deme126
deme127	deme128
deme127	deme146
deme127	deme147
deme128	deme109
deme128	deme110
deme128	deme127
deme128	deme129
deme128	deme147
deme128	deme148
deme129	deme110
deme129	deme111
deme129	deme128
deme129	deme130
deme129	deme148
deme129	deme149
deme130	deme111
deme130	deme112
deme130	deme129
deme130	deme131
deme130	deme149
deme130	deme150
deme131	deme112
deme131	deme113
deme131	deme130
deme131	deme132
deme131	deme150
deme131	deme151
deme132	deme113
deme132	deme114
deme132	deme131
deme132	deme133
deme132	deme151
deme132	deme152
deme133	deme114
deme133	deme115
deme133	deme132
deme133	deme134
deme133	deme152
deme133	deme153
deme134	deme115
deme134	deme116
deme134	deme133
deme134	deme135
deme134	deme153
deme134	deme154
deme135	deme116
deme135	deme134
deme135	deme154
deme135	deme155
deme136	deme117
deme136	deme137
deme136	deme156
deme136	deme157
deme137	deme117
deme137	deme118
deme137	deme136
deme137	deme138
deme137	deme157
deme137	deme158
deme138	deme118
deme138	deme119
deme138	deme137
deme138	deme139
deme138	deme158
deme138	deme159
deme139	deme119
deme139	deme120
deme139	deme138
deme139	deme140
deme139	deme159
deme139	deme160
deme140	deme120
deme140	deme121
deme140	deme139
deme140	deme141
deme140	deme160
deme140	deme161
deme141	deme121
deme141	deme122
deme141	deme140
deme141	deme142
deme141	deme161
deme141	deme162
deme142	deme122
deme142	deme123
deme142	deme141
deme142	deme143
deme142	deme162
deme142	deme163
deme143	deme123
deme143	deme124
deme143	deme142
deme143	deme144
deme143	deme163
deme143	deme164
deme144	deme124
deme144	deme125
deme144	deme143
deme144	deme145
deme144	deme164
deme144	deme165
deme145	deme125
deme145	deme126
deme145	deme144
deme145	deme146
deme145	deme165
deme145	deme166
deme146	deme126
deme146	deme127
deme146	deme145
deme146	deme147
deme146	deme166
deme146	deme167
deme147	deme127
deme147	deme128
deme147	deme146
deme147	deme148
deme147	deme167
deme147	deme168
deme148	deme128
deme148	deme129
deme148	deme147
deme148	deme149
deme148	deme168
deme148	deme169
deme149	deme129
deme149	deme130
deme149	deme148
deme149	deme150
deme149	deme169
deme149	deme170
deme150	deme130
deme150	deme131
deme150	deme149
deme150	deme151
deme150	deme170
deme150	deme171
deme151	deme131
deme151	deme132
deme151	deme150
deme151	deme152
deme151	deme171
deme151	deme172
deme152	deme132
deme152	deme133
deme152	deme151
deme152	deme153
deme152	deme172
deme152	deme173
deme153	deme133
deme153	deme134
deme153	deme152
deme153	deme154
deme153	deme173
deme153	deme174
deme154	deme134
deme154	deme135
deme154	deme153
deme154	deme155
deme154	deme174
deme154	deme175
deme155	deme135
deme155	deme154
deme155	deme175
deme155	deme176
deme156	deme136
deme156	deme157
deme156	deme177
deme157	deme136
deme157	deme137
deme157	deme156
deme157	deme158
deme157	deme177
deme157	deme178
deme158	deme137
deme158	deme138
deme158	deme157
deme158	deme159
deme158	deme178
deme158	deme179
deme159	deme138
deme159	deme139
deme159	deme158
deme159	deme160
deme159	deme179
deme159	deme180
deme160	deme139
deme160	deme140
deme160	deme159
deme160	deme161
deme160	deme180
deme160	deme181
deme161	deme140
deme161	deme141
deme161	deme160
deme161	deme162
deme161	deme181
deme161	deme182
deme162	deme141
deme162	deme142
deme162	deme161
deme162	deme163
deme162	deme182
deme162	deme183
deme163	deme142
deme163	deme143
deme163	deme162
deme163	deme164
deme163	deme183
deme163	deme184
deme164	deme143
deme164	deme144
deme164	deme163
deme164	deme165
deme164	deme184
deme164	deme185
deme165	deme144
deme165	deme145
deme165	deme164
deme165	deme166
deme165	deme185
deme165	deme186
deme166	deme145
deme166	deme146
deme166	deme165
deme166	deme167
deme166	deme186
deme166	deme187
deme167	deme146
deme167	deme147
deme167	deme166
deme167	deme168
deme167	deme187
deme167	deme188
deme168	deme147
deme168	deme148
deme168	deme167
deme168	deme169
deme168	deme188
deme168	deme189
deme169	deme148
deme169	deme149
deme169	deme168
deme169	deme170
deme169	deme189
deme169	deme190
deme170	deme149
deme170	deme150
deme170	deme169
deme170	deme171
deme170	deme190
deme170	deme191
deme171	deme150
deme171	deme151
deme171	deme170
deme171	deme172
deme171	deme191
deme171	deme192
deme172	deme151
deme172	deme152
deme172	deme171
deme172	deme173
deme172	deme192
deme172	deme193
deme173	deme152
deme173	deme153
deme173	deme172
deme173	deme174
deme173	deme193
deme173	deme194
deme174	deme153
deme174	deme154
deme174	deme173
deme174	deme175
deme174	deme194
deme174	deme195
deme175	deme154
deme175	deme155
deme175	deme174
deme175	deme176
deme175	deme195
deme175	deme196
deme176	deme155
deme176	deme175
deme176	deme196
deme177	deme156
deme177	deme157
deme177	deme178
deme177	deme197
deme178	deme157
deme178	deme158
deme178	deme177
deme178	deme179
deme178	deme197
deme178	deme198
deme179	deme158
deme179	deme159
deme179	deme178
deme179	deme180
deme179	deme198
deme179	deme199
deme180	deme159
deme180	deme160
deme180	deme179
deme180	deme181
deme180	deme199
deme180	deme200
deme181	deme160
deme181	deme161
deme181	deme180
deme181	deme182
deme181	deme200
deme181	deme201
deme182	deme161
deme182	deme162
deme182	deme181
deme182	deme183
deme182	deme201
deme182	deme202
deme183	deme162
deme183	deme163
deme183	deme182
deme183	deme184
deme183	deme202
deme183	deme203
deme184	deme163
deme184	deme164
deme184	deme183
deme184	deme185
deme184	deme203
deme184	deme204
deme185	deme164
deme185	deme165
deme185	deme184
deme185	deme186
deme185	deme204
deme185	deme205
deme186	deme165
deme186	deme166
deme186	deme185
deme186	deme187
deme186	deme205
deme186	deme206
deme187	deme166
deme187	deme167
deme187	deme186
deme187	deme188
deme187	deme206
deme187	deme207
deme188	deme167
deme188	deme168
deme188	deme187
deme188	deme189
deme188	deme207
deme188	deme208
deme189	deme168
deme189	deme169
deme189	deme188
deme189	deme190
deme189	deme208
deme189	deme209
deme190	deme169
deme190	deme170
deme190	deme189
deme190	deme191
deme190	deme209
deme190	deme210
deme191	deme170
deme191	deme171
deme191	deme190
deme191	deme192
deme191	deme210
deme191	deme211
deme192	deme171
deme192	deme172
deme192	deme191
deme192	deme193
deme192	deme211
deme192	deme212
deme193	deme172
deme193	deme173
deme193	deme192
deme193	deme194
deme193	deme212
deme193	deme213
deme194	deme173
deme194	deme174
deme194	deme193
deme194	deme195
deme194	deme213
deme194	deme214
deme195	deme174
deme195	deme175
deme195	deme194
deme195	deme196
deme195	deme214
deme195	deme215
deme196	deme175
deme196	deme176
deme196	deme195
deme196	deme215
deme197	deme177
deme197	deme178
deme197	deme198
deme197	deme216
deme198	deme178
deme198	deme179
deme198	deme197
deme198	deme199
deme198	deme216
deme198	deme217
deme199	deme179
deme199	deme180
deme199	deme198
deme199	deme200
deme199	deme217
deme199	deme218
deme200	deme180
deme200	deme181
deme200	deme199
deme200	deme201
deme200	deme218
deme200	deme219
deme201	deme181
deme201	deme182
deme201	deme200
deme201	deme202
deme201	deme219
deme201	deme220
deme202	deme182
deme202	deme183
deme202	deme201
deme202	deme203
deme202	deme220
deme202	deme221
deme203	deme183
deme203	deme184
deme203	deme202
deme203	deme204
deme203	deme221
deme203	deme222
deme204	deme184
deme204	deme185
deme204	deme203
deme204	deme205
deme204	deme222
deme204	deme223
deme205	deme185
deme205	deme186
deme205	deme204
deme205	deme206
deme205	deme223
deme205	deme224
deme206	deme186
deme206	deme187
deme206	deme205
deme206	deme207
deme206	deme224
deme206	deme225
deme207	deme187
deme207	deme188
deme207	deme206
deme207	deme208
deme207	deme225
deme207	deme226
deme208	deme188
deme208	deme189
deme208	deme207
deme208	deme209
deme208	deme226
deme208	deme227
deme209	deme189
deme209	deme190
deme209	deme208
deme209	deme210
deme209	deme227
deme209	deme228
deme210	deme190
deme210	deme191
deme210	deme209
deme210	deme211
deme210	deme228
deme210	deme229
deme211	deme191
deme211	deme192
deme211	deme210
deme211	deme212
deme211	deme229
deme211	deme230
deme212	deme192
deme212	deme193
deme212	deme211
deme212	deme213
deme212	deme230
deme212	deme231
deme213	deme193
deme213	deme194
deme213	deme212
deme213	deme214
deme213	deme231
deme213	deme232
deme214	deme194
deme214	deme195
deme214	deme213
deme214	deme215
deme214	deme232
deme214	deme233
deme215	deme195
deme215	deme196
deme215	deme214
deme215	deme233
deme216	deme197
deme216	deme198
deme216	deme217
deme216	deme234
deme217	deme198
deme217	deme199
deme217	deme216
deme217	deme218
deme217	deme234
deme217	deme235
deme218	deme199
deme218	deme200
deme218	deme217
deme218	deme219
deme218	deme235
deme218	deme236
deme219	deme200
deme219	deme201
deme219	deme218
deme219	deme220
deme219	deme236
deme219	deme237
deme220	deme201
deme220	deme202
deme220	deme219
deme220	deme221
deme220	deme237
deme220	deme238
deme221	deme202
deme221	deme203
deme221	deme220
deme221	deme222
deme221	deme238
deme221	deme239
deme222	deme203
deme222	deme204
deme222	deme221
deme222	deme223
deme222	deme239
deme222	deme240
deme223	deme204
deme223	deme205
deme223	deme222
deme223	deme224
deme223	deme240
deme223	deme241
deme224	deme205
deme224	deme206
deme224	deme223
deme224	deme225
deme224	deme241
deme224	deme242
deme225	deme206
deme225	deme207
deme225	deme224
deme225	deme226
deme225	deme242
deme225	deme243
deme226	deme207
deme226	deme208
deme226	deme225
deme226	deme227
deme226	deme243
deme226	deme244
deme227	deme208
deme227	deme209
deme227	deme226
deme227	deme228
deme227	deme244
deme227	deme245
deme228	deme209
deme228	deme210
deme228	deme227
deme228	deme229
deme228	deme245
deme228	deme246
deme229	deme210
deme229	deme211
deme229	deme228
deme229	deme230
deme229	deme246
deme229	deme247
deme230	deme211
deme230	deme212
deme230	deme229
deme230	deme231
deme230	deme247
deme230	deme248
deme231	deme212
deme231	deme213
deme231	deme230
deme231	deme232
deme231	deme248
deme231	deme249
deme232	deme213
deme232	deme214
deme232	deme231
deme232	deme233
deme232	deme249
deme232	deme250
deme233	deme214
deme233	deme215
deme233	deme232
deme233	deme250
deme234	deme216
deme234	deme217
deme234	deme235
deme234	deme251
deme235	deme217
deme235	deme218
deme235	deme234
deme235	deme236
deme235	deme251
deme235	deme252
deme236	deme218
deme236	deme219
deme236	deme235
deme236	deme237
deme236	deme252
deme236	deme253
deme237	deme219
deme237	deme220
deme237	deme236
deme237	deme238
deme237	deme253
deme237	deme254
deme238	deme220
deme238	deme221
deme238	deme237
deme238	deme239
deme238	deme254
deme238	deme255
deme239	deme221
deme239	deme222
deme239	deme238
deme239	deme240
deme239	deme255
deme239	deme256
deme240	deme222
deme240	deme223
deme240	deme239
deme240	deme241
deme240	deme256
deme240	deme257
deme241	deme223
deme241	deme224
deme241	deme240
deme241	deme242
deme241	deme257
deme241	deme258
deme242	deme224
deme242	deme225
deme242	deme241
deme242	deme243
deme242	deme258
deme242	deme259
deme243	deme225
deme243	deme226
deme243	deme242
deme243	deme244
deme243	deme259
deme243	deme260
deme244	deme226
deme244	deme227
deme244	deme243
deme244	deme245
deme244	deme260
deme244	deme261
deme245	deme227
deme245	deme228
deme245	deme244
deme245	deme246
deme245	deme261
deme245	deme262
deme246	deme228
deme246	deme229
deme246	deme245
deme246	deme247
deme246	deme262
deme246	deme263
deme247	deme229
deme247	deme230
deme247	deme246
deme247	deme248
deme247	deme263
deme247	deme264
deme248	deme230
deme248	deme231
deme248	deme247
deme248	deme249
deme248	deme264
deme248	deme265
deme249	deme231
deme249	deme232
deme249	deme248
deme249	deme250
deme249	deme265
deme249	deme266
deme250	deme232
deme250	deme233
deme250	deme249
deme250	deme266
deme251	deme234
deme251	deme235
deme251	deme252
deme251	deme267
deme252	deme235
deme252	deme236
deme252	deme251
deme252	deme253
deme252	deme267
deme252	deme268
deme253	deme236
deme253	deme237
deme253	deme252
deme253	deme254
deme253	deme268
deme253	deme269
deme254	deme237
deme254	deme238
deme254	deme253
deme254	deme255
deme254	deme269
deme254	deme270
deme255	deme238
deme255	deme239
deme255	deme254
deme255	deme256
deme255	deme270
deme255	deme271
deme256	deme239
deme256	deme240
deme256	deme255
deme256	deme257
deme256	deme271
deme256	deme272
deme257	deme240
deme257	deme241
deme257	deme256
deme257	deme258
deme257	deme272
deme257	deme273
deme258	deme241
deme258	deme242
deme258	deme257
deme258	deme259
deme258	deme273
deme258	deme274
deme259	deme242
deme259	deme243
deme259	deme258
deme259	deme260
deme259	deme274
deme259	deme275
deme260	deme243
deme260	deme244
deme260	deme259
deme260	deme261
deme260	deme275
deme260	deme276
deme261	deme244
deme261	deme245
deme261	deme260
deme261	deme262
deme261	deme276
deme261	deme277
deme262	deme245
deme262	deme246
deme262	deme261
deme262	deme263
deme262	deme277
deme262	deme278
deme263	deme246
deme263	deme247
deme263	deme262
deme263	deme264
deme263	deme278
deme263	deme279
deme264	deme247
deme264	deme248
deme264	deme263
deme264	deme265
deme264	deme279
deme264	deme280
deme265	deme248
deme265	deme249
deme265	deme264
deme265	deme266
deme265	deme280
deme265	deme281
deme266	deme249
deme266	deme250
deme266	deme265
deme266	deme281
deme267	deme251
deme267	deme252
deme267	deme268
deme267	deme282
deme268	deme252
deme268	deme253
deme268	deme267
deme268	deme269
deme268	deme282
deme268	deme283
deme269	deme253
deme269	deme254
deme269	deme268
deme269	deme270
deme269	deme283
deme269	deme284
deme270	deme254
deme270	deme255
deme270	deme269
deme270	deme271
deme270	deme284
deme270	deme285
deme271	deme255
deme271	deme256
deme271	deme270
deme271	deme272
deme271	deme285
deme271	deme286
deme272	deme256
deme272	deme257
deme272	deme271
deme272	deme273
deme272	deme286
deme272	deme287
deme273	deme257
deme273	deme258
deme273	deme272
deme273	deme274
deme273	deme287
deme273	deme288
deme274	deme258
deme274	deme259
deme274	deme273
deme274	deme275
deme274	deme288
deme274	deme289
deme275	deme259
deme275	deme260
deme275	deme274
deme275	deme276
deme275	deme289
deme275	deme290
deme276	deme260
deme276	deme261
deme276	deme275
deme276	deme277
deme276	deme290
deme276	deme291
deme277	deme261
deme277	deme262
deme277	deme276
deme277	deme278
deme277	deme291
deme277	deme292
deme278	deme262
deme278	deme263
deme278	deme277
deme278	deme279
deme278	deme292
deme278	deme293
deme279	deme263
deme279	deme264
deme279	deme278
deme279	deme280
deme279	deme293
deme279	deme294
deme280	deme264
deme280	deme265
deme280	deme279
deme280	deme281
deme280	deme294
deme280	deme295
deme281	deme265
deme281	deme266
deme281	deme280
deme281	deme295
deme282	deme267
deme282	deme268
deme282	deme283
deme282	deme296
deme283	deme268
deme283	deme269
deme283	deme282
deme283	deme284
deme283	deme296
deme283	deme297
deme284	deme269
deme284	deme270
deme284	deme283
deme284	deme285
deme284	deme297
deme284	deme298
deme285	deme270
deme285	deme271
deme285	deme284
deme285	deme286
deme285	deme298
deme285	deme299
deme286	deme271
deme286	deme272
deme286	deme285
deme286	deme287
deme286	deme299
deme286	deme300
deme287	deme272
deme287	deme273
deme287	deme286
deme287	deme288
deme287	deme300
deme287	deme301
deme288	deme273
deme288	deme274
deme288	deme287
deme288	deme289
deme288	deme301
deme288	deme302
deme289	deme274
deme289	deme275
deme289	deme288
deme289	deme290
deme289	deme302
deme289	deme303
deme290	deme275
deme290	deme276
deme290	deme289
deme290	deme291
deme290	deme303
deme290	deme304
deme291	deme276
deme291	deme277
deme291	deme290
deme291	deme292
deme291	deme304
deme291	deme305
deme292	deme277
deme292	deme278
deme292	deme291
deme292	deme293
deme292	deme305
deme292	deme306
deme293	deme278
deme293	deme279
deme293	deme292
deme293	deme294
deme293	deme306
deme293	deme307
deme294	deme279
deme294	deme280
deme294	deme293
deme294	deme295
deme294	deme307
deme294	deme308
deme295	deme280
deme295	deme281
deme295	deme294
deme295	deme308
deme296	deme282
deme296	deme283
deme296	deme297
deme296	deme309
deme297	deme283
deme297	deme284
deme297	deme296
deme297	deme298
deme297	deme309
deme297	deme310
deme298	deme284
deme298	deme285
deme298	deme297
deme298	deme299
deme298	deme310
deme298	deme311
deme299	deme285
deme299	deme286
deme299	deme298
deme299	deme300
deme299	deme311
deme299	deme312
deme300	deme286
deme300	deme287
deme300	deme299
deme300	deme301
deme300	deme312
deme300	deme313
deme301	deme287
deme301	deme288
deme301	deme300
deme301	deme302
deme301	deme313
deme301	deme314
deme302	deme288
deme302	deme289
deme302	deme301
deme302	deme303
deme302	deme314
deme302	deme315
deme303	deme289
deme303	deme290
deme303	deme302
deme303	deme304
deme303	deme315
deme303	deme316
deme304	deme290
deme304	deme291
deme304	deme303
deme304	deme305
deme304	deme316
deme304	deme317
deme305	deme291
deme305	deme292
deme305	deme304
deme305	deme306
deme305	deme317
deme305	deme318
deme306	deme292
deme306	deme293
deme306	deme305
deme306	deme307
deme306	deme318
deme306	deme319
deme307	deme293
deme307	deme294
deme307	deme306
deme307	deme308
deme307	deme319
deme307	deme320
deme308	deme294
deme308	deme295
deme308	deme307
deme308	deme320
deme309	deme296
deme309	deme297
deme309	deme310
deme309	deme321
deme310	deme297
deme310	deme298
deme310	deme309
deme310	deme311
deme310	deme321
deme310	deme322
deme311	deme298
deme311	deme299
deme311	deme310
deme311	deme312
deme311	deme322
deme311	deme323
deme312	deme299
deme312	deme300
deme312	deme311
deme312	deme313
deme312	deme323
deme312	deme324
deme313	deme300
deme313	deme301
deme313	deme312
deme313	deme314
deme313	deme324
deme313	deme325
deme314	deme301
deme314	deme302
deme314	deme313
deme314	deme315
deme314	deme325
deme314	deme326
deme315	deme302
deme315	deme303
deme315	deme314
deme315	deme316
deme315	deme326
deme315	deme327
deme316	deme303
deme316	deme304
deme316	deme315
deme316	deme317
deme316	deme327
deme316	deme328
deme317	deme304
deme317	deme305
deme317	deme316
deme317	deme318
deme317	deme328
deme317	deme329
deme318	deme305
deme318	deme306
deme318	deme317
deme318	deme319
deme318	deme329
deme318	deme330
deme319	deme306
deme319	deme307
deme319	deme318
deme319	deme320
deme319	deme330
deme319	deme331
deme320	deme307
deme320	deme308
deme320	deme319
deme320	deme331
deme321	deme309
deme321	deme310
deme321	deme322
deme322	deme310
deme322	deme311
deme322	deme321
deme322	deme323
deme323	deme311
deme323	deme312
deme323	deme322
deme323	deme324
deme324	deme312
deme324	deme313
deme324	deme323
deme324	deme325
deme325	deme313
deme325	deme314
deme325	deme324
deme325	deme326
deme326	deme314
deme326	deme315
deme326	deme325
deme326	deme327
deme327	deme315
deme327	deme316
deme327	deme326
deme327	deme328
deme328	deme316
deme328	deme317
deme328	deme327
deme328	deme329
deme329	deme317
deme329	deme318
deme329	deme328
deme329	deme330
deme330	deme318
deme330	deme319
deme330	deme329
deme330	deme331
deme331	deme319
deme331	deme320
deme331	deme330
