FID,q,r,s,x,y,colour,size
deme001,10,0,-10,10,5.773502691896256,#3F81A2,1
deme002,9,1,-10,9,6.350852961085883,#285CD0,1
deme003,8,2,-10,8,6.928203230275509,#285CD0,1
deme004,7,3,-10,7,7.505553499465134,#285CD0,1
deme005,6,4,-10,6,8.08290376865476,#285CD0,1
deme006,5,5,-10,5,8.660254037844386,#463FF2,1
deme007,4,6,-10,4,9.237604307034012,#463FF2,1
deme008,3,7,-10,3,9.814954576223638,#463FF2,1
deme009,2,8,-10,2,10.392304845413262,#6F52F9,1
deme010,1,9,-10,1,10.969655114602888,#6F52F9,1
deme011,0,10,-10,0,11.547005383792513,#6F52F9,1
deme012,10,-1,-9,10,4.618802153517006,#3F81A2,1
deme013,9,0,-9,9,5.196152422706631,#3F81A2,2
deme014,8,1,-9,8,5.773502691896256,#285CD0,2
deme015,7,2,-9,7,6.350852961085883,#285CD0,2
deme016,6,3,-9,6,6.928203230275509,#285CD0,2
deme017,5,4,-9,5,7.505553499465134,#463FF2,2
deme018,4,5,-9,4,8.08290376865476,#463FF2,2
deme019,3,6,-9,3,8.660254037844386,#463FF2,2
deme020,2,7,-9,2,9.237604307034012,#6F52F9,2
deme021,1,8,-9,1,9.814954576223638,#6F52F9,2
deme022,0,9,-9,0,10.392304845413262,#6F52F9,2
deme023,-1,10,-9,-1,10.969655114602888,#996CFA,1
deme024,10,-2,-8,10,3.4641016151377544,#3F81A2,1
deme025,9,-1,-8,9,4.04145188432738,#3F81A2,2
deme026,8,0,-8,8,4.618802153517006,#3F81A2,3
deme027,7,1,-8,7,5.196152422706631,#285CD0,3
deme028,6,2,-8,6,5.773502691896256,#285CD0,3
deme029,5,3,-8,5,6.350852961085883,#285CD0,3
deme030,4,4,-8,4,6.928203230275509,#463FF2,3
deme031,3,5,-8,3,7.505553499465134,#463FF2,3
deme032,2,6,-8,2,8.08290376865476,#6F52F9,3
deme033,1,7,-8,1,8.660254037844386,#6F52F9,3
deme034,0,8,-8,0,9.237604307034012,#6F52F9,3
deme035,-1,9,-8,-1,9.814954576223638,#996CFA,2
deme036,-2,10,-8,-2,10.392304845413262,#996CFA,1
deme037,10,-3,-7,10,2.309401076758503,#879775,1
deme038,9,-2,-7,9,2.886751345948128,#3F81A2,2
deme039,8,-1,-7,8,3.4641016151377544,#3F81A2,3
deme040,7,0,-7,7,4.04145188432738,#3F81A2,4
deme041,6,1,-7,6,4.618802153517006,#285CD0,4
deme042,5,2,-7,5,5.196152422706631,#285CD0,4
deme043,4,3,-7,4,5.773502691896256,#463FF2,4
deme044,3,4,-7,3,6.350852961085883,#463FF2,4
deme045,2,5,-7,2,6.928203230275509,#463FF2,4
deme046,1,6,-7,1,7.505553499465134,#6F52F9,4
deme047,0,7,-7,0,8.08290376865476,#6F52F9,4
deme048,-1,8,-7,-1,8.660254037844386,#996CFA,3
deme049,-2,9,-7,-2,9.237604307034012,#996CFA,2
deme050,-3,10,-7,-3,9.814954576223638,#996CFA,1
deme051,10,-4,-6,10,1.1547005383792515,#879775,1
deme052,9,-3,-6,9,1.7320508075688772,#879775,2
deme053,8,-2,-6,8,2.309401076758503,#3F81A2,3
deme054,7,-1,-6,7,2.886751345948128,#3F81A2,4
deme055,6,0,-6,6,3.4641016151377544,#3F81A2,5
deme056,5,1,-6,5,4.04145188432738,#285CD0,5
deme057,4,2,-6,4,4.618802153517006,#285CD0,5
deme058,3,3,-6,3,5.196152422706631,#463FF2,5
deme059,2,4,-6,2,5.773502691896256,#463FF2,5
deme060,1,5,-6,1,6.350852961085883,#6F52F9,5
deme061,0,6,-6,0,6.928203230275509,#6F52F9,5
deme062,-1,7,-6,-1,7.505553499465134,#996CFA,4
deme063,-2,8,-6,-2,8.08290376865476,#996CFA,3
deme064,-3,9,-6,-3,8.660254037844386,#996CFA,2
deme065,-4,10,-6,-4,9.237604307034012,#996CFA,1
deme066,10,-5,-5,10,0,#879775,1
deme067,9,-4,-5,9,0.5773502691896257,#879775,2
deme068,8,-3,-5,8,1.1547005383792515,#879775,3
deme069,7,-2,-5,7,1.7320508075688772,#879775,4
deme070,6,-1,-5,6,2.309401076758503,#3F81A2,5
deme071,5,0,-5,5,2.886751345948128,#3F81A2,6
deme072,4,1,-5,4,3.4641016151377544,#285CD0,6
deme073,3,2,-5,3,4.04145188432738,#285CD0,6
deme074,2,3,-5,2,4.618802153517006,#463FF2,6
deme075,1,4,-5,1,5.196152422706631,#6F52F9,6
deme076,0,5,-5,0,5.773502691896256,#6F52F9,6
deme077,-1,6,-5,-1,6.350852961085883,#996CFA,5
deme078,-2,7,-5,-2,6.928203230275509,#996CFA,4
deme079,-3,8,-5,-3,7.505553499465134,#996CFA,3
deme080,-4,9,-5,-4,8.08290376865476,#CC7CFE,2
deme081,-5,10,-5,-5,8.660254037844386,#CC7CFE,1
deme082,10,-6,-4,10,-1.1547005383792515,#BDA741,1
deme083,9,-5,-4,9,-0.5773502691896257,#879775,2
deme084,8,-4,-4,8,0,#879775,3
deme085,7,-3,-4,7,0.5773502691896257,#879775,4
deme086,6,-2,-4,6,1.1547005383792515,#879775,5
deme087,5,-1,-4,5,1.7320508075688772,#3F81A2,6
deme088,4,0,-4,4,2.309401076758503,#3F81A2,7
deme089,3,1,-4,3,2.886751345948128,#285CD0,7
deme090,2,2,-4,2,3.4641016151377544,#463FF2,7
deme091,1,3,-4,1,4.04145188432738,#6F52F9,7
deme092,0,4,-4,0,4.618802153517006,#6F52F9,7
deme093,-1,5,-4,-1,5.196152422706631,#996CFA,6
deme094,-2,6,-4,-2,5.773502691896256,#996CFA,5
deme095,-3,7,-4,-3,6.350852961085883,#CC7CFE,4
deme096,-4,8,-4,-4,6.928203230275509,#CC7CFE,3
deme097,-5,9,-4,-5,7.505553499465134,#CC7CFE,2
deme098,-6,10,-4,-6,8.08290376865476,#CC7CFE,1
deme099,10,-7,-3,10,-2.309401076758503,#BDA741,1
deme100,9,-6,-3,9,-1.7320508075688772,#BDA741,2
deme101,8,-5,-3,8,-1.1547005383792515,#BDA741,3
deme102,7,-4,-3,7,-0.5773502691896257,#879775,4
deme103,6,-3,-3,6,0,#879775,5
deme104,5,-2,-3,5,0.5773502691896257,#879775,6
deme105,4,-1,-3,4,1.1547005383792515,#3F81A2,7
deme106,3,0,-3,3,1.7320508075688772,#3F81A2,8
deme107,2,1,-3,2,2.309401076758503,#285CD0,8
deme108,1,2,-3,1,2.886751345948128,#463FF2,8
deme109,0,3,-3,0,3.4641016151377544,#6F52F9,8
deme110,-1,4,-3,-1,4.04145188432738,#996CFA,7
deme111,-2,5,-3,-2,4.618802153517006,#996CFA,6
deme112,-3,6,-3,-3,5.196152422706631,#CC7CFE,5
deme113,-4,7,-3,-4,5.773502691896256,#CC7CFE,4
deme114,-5,8,-3,-5,6.350852961085883,#CC7CFE,3
deme115,-6,9,-3,-6,6.928203230275509,#CC7CFE,2
deme116,-7,10,-3,-7,7.505553499465134,#CC7CFE,1
deme117,10,-8,-2,10,-3.4641016151377544,#BDA741,1
deme118,9,-7,-2,9,-2.886751345948128,#BDA741,2
deme119,8,-6,-2,8,-2.309401076758503,#BDA741,3
deme120,7,-5,-2,7,-1.7320508075688772,#BDA741,4
deme121,6,-4,-2,6,-1.1547005383792515,#BDA741,5
deme122,5,-3,-2,5,-0.5773502691896257,#BDA741,6
deme123,4,-2,-2,4,0,#879775,7
deme124,3,-1,-2,3,0.5773502691896257,#879775,8
deme125,2,0,-2,2,1.1547005383792515,#3F81A2,9
deme126,1,1,-2,1,1.7320508075688772,#463FF2,9
deme127,0,2,-2,0,2.309401076758503,#6F52F9,9
deme128,-1,3,-2,-1,2.886751345948128,#996CFA,8
deme129,-2,4,-2,-2,3.4641016151377544,#CC7CFE,7
deme130,-3,5,-2,-3,4.04145188432738,#CC7CFE,6
deme131,-4,6,-2,-4,4.618802153517006,#CC7CFE,5
deme132,-5,7,-2,-5,5.196152422706631,#CC7CFE,4
deme133,-6,8,-2,-6,5.773502691896256,#F785F9,3
deme134,-7,9,-2,-7,6.350852961085883,#F785F9,2
deme135,-8,10,-2,-8,6.928203230275509,#F785F9,1
deme136,10,-9,-1,10,-4.618802153517006,#BDA741,1
deme137,9,-8,-1,9,-4.04145188432738,#BDA741,2
deme138,8,-7,-1,8,-3.4641016151377544,#BDA741,3
deme139,7,-6,-1,7,-2.886751345948128,#BDA741,4
deme140,6,-5,-1,6,-2.309401076758503,#BDA741,5
deme141,5,-4,-1,5,-1.7320508075688772,#BDA741,6
deme142,4,-3,-1,4,-1.1547005383792515,#BDA741,7
deme143,3,-2,-1,3,-0.5773502691896257,#BDA741,8
deme144,2,-1,-1,2,0,#879775,9
deme145,1,0,-1,1,0.5773502691896257,#3F81A2,10
deme146,0,1,-1,0,1.1547005383792515,#6F52F9,10
deme147,-1,2,-1,-1,1.7320508075688772,#CC7CFE,9
deme148,-2,3,-1,-2,2.309401076758503,#CC7CFE,8
deme149,-3,4,-1,-3,2.886751345948128,#F785F9,7
deme150,-4,5,-1,-4,3.4641016151377544,#F785F9,6
deme151,-5,6,-1,-5,4.04145188432738,#F785F9,5
deme152,-6,7,-1,-6,4.618802153517006,#F785F9,4
deme153,-7,8,-1,-7,5.196152422706631,#F785F9,3
deme154,-8,9,-1,-8,5.773502691896256,#F785F9,2
deme155,-9,10,-1,-9,6.350852961085883,#F785F9,1
deme156,10,-10,0,10,-5.773502691896256,#D59F0D,1
deme157,9,-9,0,9,-5.196152422706631,#D59F0D,2
deme158,8,-8,0,8,-4.618802153517006,#D59F0D,3
deme159,7,-7,0,7,-4.04145188432738,#D59F0D,4
deme160,6,-6,0,6,-3.4641016151377544,#D59F0D,5
deme161,5,-5,0,5,-2.886751345948128,#D59F0D,6
deme162,4,-4,0,4,-2.309401076758503,#D59F0D,7
deme163,3,-3,0,3,-1.7320508075688772,#D59F0D,8
deme164,2,-2,0,2,-1.1547005383792515,#D59F0D,9
deme165,1,-1,0,1,-0.5773502691896257,#D59F0D,10
deme166,0,0,0,0,0,#879775,11
deme167,-1,1,0,-1,0.5773502691896257,#F785F9,10
deme168,-2,2,0,-2,1.1547005383792515,#F785F9,9
deme169,-3,3,0,-3,1.7320508075688772,#F785F9,8
deme170,-4,4,0,-4,2.309401076758503,#F785F9,7
deme171,-5,5,0,-5,2.886751345948128,#F785F9,6
deme172,-6,6,0,-6,3.4641016151377544,#F785F9,5
deme173,-7,7,0,-7,4.04145188432738,#F785F9,4
deme174,-8,8,0,-8,4.618802153517006,#F785F9,3
deme175,-9,9,0,-9,5.196152422706631,#F785F9,2
deme176,-10,10,0,-10,5.773502691896256,#F785F9,1
deme177,9,-10,1,9,-6.350852961085883,#D59F0D,1
deme178,8,-9,1,8,-5.773502691896256,#D59F0D,2
deme179,7,-8,1,7,-5.196152422706631,#D59F0D,3
deme180,6,-7,1,6,-4.618802153517006,#D59F0D,4
deme181,5,-6,1,5,-4.04145188432738,#D59F0D,5
deme182,4,-5,1,4,-3.4641016151377544,#D59F0D,6
deme183,3,-4,1,3,-2.886751345948128,#D59F0D,7
deme184,2,-3,1,2,-2.309401076758503,#D17E04,8
deme185,1,-2,1,1,-1.7320508075688772,#D17E04,9
deme186,0,-1,1,0,-1.1547005383792515,#B73505,10
deme187,-1,0,1,-1,-0.5773502691896257,#EB488F,10
deme188,-2,1,1,-2,0,#F96AC7,9
deme189,-3,2,1,-3,0.5773502691896257,#F985F8,8
deme190,-4,3,1,-4,1.1547005383792515,#F985F8,7
deme191,-5,4,1,-5,1.7320508075688772,#F985F8,6
deme192,-6,5,1,-6,2.309401076758503,#F985F8,5
deme193,-7,6,1,-7,2.886751345948128,#F985F8,4
deme194,-8,7,1,-8,3.4641016151377544,#F985F8,3
deme195,-9,8,1,-9,4.04145188432738,#F985F8,2
deme196,-10,9,1,-10,4.618802153517006,#F985F8,1
deme197,8,-10,2,8,-6.928203230275509,#D59F0D,1
deme198,7,-9,2,7,-6.350852961085883,#D59F0D,2
deme199,6,-8,2,6,-5.773502691896256,#D59F0D,3
deme200,5,-7,2,5,-5.196152422706631,#D17E04,4
deme201,4,-6,2,4,-4.618802153517006,#D17E04,5
deme202,3,-5,2,3,-4.04145188432738,#D17E04,6
deme203,2,-4,2,2,-3.4641016151377544,#D17E04,7
deme204,1,-3,2,1,-2.886751345948128,#C65B04,8
deme205,0,-2,2,0,-2.309401076758503,#B73505,9
deme206,-1,-1,2,-1,-1.7320508075688772,#BA1921,9
deme207,-2,0,2,-2,-1.1547005383792515,#EB488F,9
deme208,-3,1,2,-3,-0.5773502691896257,#F96AC7,8
deme209,-4,2,2,-4,0,#F96AC7,7
deme210,-5,3,2,-5,0.5773502691896257,#F985F8,6
deme211,-6,4,2,-6,1.1547005383792515,#F985F8,5
deme212,-7,5,2,-7,1.7320508075688772,#F985F8,4
deme213,-8,6,2,-8,2.309401076758503,#F985F8,3
deme214,-9,7,2,-9,2.886751345948128,#F985F8,2
deme215,-10,8,2,-10,3.4641016151377544,#F985F8,1
deme216,7,-10,3,7,-7.505553499465134,#D17E04,1
deme217,6,-9,3,6,-6.928203230275509,#D17E04,2
deme218,5,-8,3,5,-6.350852961085883,#D17E04,3
deme219,4,-7,3,4,-5.773502691896256,#D17E04,4
deme220,3,-6,3,3,-5.196152422706631,#D17E04,5
deme221,2,-5,3,2,-4.618802153517006,#C65B04,6
deme222,1,-4,3,1,-4.04145188432738,#C65B04,7
deme223,0,-3,3,0,-3.4641016151377544,#B73505,8
deme224,-1,-2,3,-1,-2.886751345948128,#BA1921,8
deme225,-2,-1,3,-2,-2.309401076758503,#D32956,8
deme226,-3,0,3,-3,-1.7320508075688772,#EB488F,8
deme227,-4,1,3,-4,-1.1547005383792515,#EB488F,7
deme228,-5,2,3,-5,-0.5773502691896257,#F96AC7,6
deme229,-6,3,3,-6,0,#F96AC7,5
deme230,-7,4,3,-7,0.5773502691896257,#F96AC7,4
deme231,-8,5,3,-8,1.1547005383792515,#F985F8,3
deme232,-9,6,3,-9,1.7320508075688772,#F985F8,2
deme233,-10,7,3,-10,2.309401076758503,#F985F8,1
deme234,6,-10,4,6,-8.08290376865476,#D17E04,1
deme235,5,-9,4,5,-7.505553499465134,#D17E04,2
deme236,4,-8,4,4,-6.928203230275509,#D17E04,3
deme237,3,-7,4,3,-6.350852961085883,#D17E04,4
deme238,2,-6,4,2,-5.773502691896256,#C65B04,5
deme239,1,-5,4,1,-5.196152422706631,#C65B04,6
deme240,0,-4,4,0,-4.618802153517006,#B73505,7
deme241,-1,-3,4,-1,-4.04145188432738,#B73505,7
deme242,-2,-2,4,-2,-3.4641016151377544,#BA1921,7
deme243,-3,-1,4,-3,-2.886751345948128,#D32956,7
deme244,-4,0,4,-4,-2.309401076758503,#EB488F,7
deme245,-5,1,4,-5,-1.7320508075688772,#EB488F,6
deme246,-6,2,4,-6,-1.1547005383792515,#F96AC7,5
deme247,-7,3,4,-7,-0.5773502691896257,#F96AC7,4
deme248,-8,4,4,-8,0,#F96AC7,3
deme249,-9,5,4,-9,0.5773502691896257,#F96AC7,2
deme250,-10,6,4,-10,1.1547005383792515,#F985F8,1
deme251,5,-10,5,5,-8.660254037844386,#D17E04,1
deme252,4,-9,5,4,-8.08290376865476,#D17E04,2
deme253,3,-8,5,3,-7.505553499465134,#C65B04,3
deme254,2,-7,5,2,-6.928203230275509,#C65B04,4
deme255,1,-6,5,1,-6.350852961085883,#C65B04,5
deme256,0,-5,5,0,-5.773502691896256,#B73505,6
deme257,-1,-4,5,-1,-5.196152422706631,#B73505,6
deme258,-2,-3,5,-2,-4.618802153517006,#BA1921,6
deme259,-3,-2,5,-3,-4.04145188432738,#D32956,6
deme260,-4,-1,5,-4,-3.4641016151377544,#D32956,6
deme261,-5,0,5,-5,-2.886751345948128,#EB488F,6
deme262,-6,1,5,-6,-2.309401076758503,#EB488F,5
deme263,-7,2,5,-7,-1.7320508075688772,#F96AC7,4
deme264,-8,3,5,-8,-1.1547005383792515,#F96AC7,3
deme265,-9,4,5,-9,-0.5773502691896257,#F96AC7,2
deme266,-10,5,5,-10,0,#F96AC7,1
deme267,4,-10,6,4,-9.237604307034012,#C65B04,1
deme268,3,-9,6,3,-8.660254037844386,#C65B04,2
deme269,2,-8,6,2,-8.08290376865476,#C65B04,3
deme270,1,-7,6,1,-7.505553499465134,#C65B04,4
deme271,0,-6,6,0,-6.928203230275509,#B73505,5
deme272,-1,-5,6,-1,-6.350852961085883,#B73505,5
deme273,-2,-4,6,-2,-5.773502691896256,#BA1921,5
deme274,-3,-3,6,-3,-5.196152422706631,#BA1921,5
deme275,-4,-2,6,-4,-4.618802153517006,#D32956,5
deme276,-5,-1,6,-5,-4.04145188432738,#D32956,5
deme277,-6,0,6,-6,-3.4641016151377544,#EB488F,5
deme278,-7,1,6,-7,-2.886751345948128,#EB488F,4
deme279,-8,2,6,-8,-2.309401076758503,#EB488F,3
deme280,-9,3,6,-9,-1.7320508075688772,#F96AC7,2
deme281,-10,4,6,-10,-1.1547005383792515,#F96AC7,1
deme282,3,-10,7,3,-9.814954576223638,#C65B04,1
deme283,2,-9,7,2,-9.237604307034012,#C65B04,2
deme284,1,-8,7,1,-8.660254037844386,#C65B04,3
deme285,0,-7,7,0,-8.08290376865476,#B73505,4
deme286,-1,-6,7,-1,-7.505553499465134,#B73505,4
deme287,-2,-5,7,-2,-6.928203230275509,#BA1921,4
deme288,-3,-4,7,-3,-6.350852961085883,#BA1921,4
deme289,-4,-3,7,-4,-5.773502691896256,#BA1921,4
deme290,-5,-2,7,-5,-5.196152422706631,#D32956,4
deme291,-6,-1,7,-6,-4.618802153517006,#D32956,4
deme292,-7,0,7,-7,-4.04145188432738,#EB488F,4
deme293,-8,1,7,-8,-3.4641016151377544,#EB488F,3
deme294,-9,2,7,-9,-2.886751345948128,#EB488F,2
deme295,-10,3,7,-10,-2.309401076758503,#F96AC7,1
deme296,2,-10,8,2,-10.392304845413262,#C65B04,1
deme297,1,-9,8,1,-9.814954576223638,#C65B04,2
deme298,0,-8,8,0,-9.237604307034012,#B73505,3
deme299,-1,-7,8,-1,-8.660254037844386,#B73505,3
deme300,-2,-6,8,-2,-8.08290376865476,#B73505,3
deme301,-3,-5,8,-3,-7.505553499465134,#BA1921,3
deme302,-4,-4,8,-4,-6.928203230275509,#BA1921,3
deme303,-5,-3,8,-5,-6.350852961085883,#D32956,3
deme304,-6,-2,8,-6,-5.773502691896256,#D32956,3
deme305,-7,-1,8,-7,-5.196152422706631,#D32956,3
deme306,-8,0,8,-8,-4.618802153517006,#EB488F,3
deme307,-9,1,8,-9,-4.04145188432738,#EB488F,2
deme308,-10,2,8,-10,-3.4641016151377544,#EB488F,1
deme309,1,-10,9,1,-10.969655114602888,#C65B04,1
deme310,0,-9,9,0,-10.392304845413262,#B73505,2
deme311,-1,-8,9,-1,-9.814954576223638,#B73505,2
deme312,-2,-7,9,-2,-9.237604307034012,#B73505,2
deme313,-3,-6,9,-3,-8.660254037844386,#BA1921,2
deme314,-4,-5,9,-4,-8.08290376865476,#BA1921,2
deme315,-5,-4,9,-5,-7.505553499465134,#BA1921,2
deme316,-6,-3,9,-6,-6.928203230275509,#D32956,2
deme317,-7,-2,9,-7,-6.350852961085883,#D32956,2
deme318,-8,-1,9,-8,-5.773502691896256,#D32956,2
deme319,-9,0,9,-9,-5.196152422706631,#EB488F,2
deme320,-10,1,9,-10,-4.618802153517006,#EB488F,1
deme321,0,-10,10,0,-11.547005383792513,#B73505,1
deme322,-1,-9,10,-1,-10.969655114602888,#B73505,1
deme323,-2,-8,10,-2,-10.392304845413262,#B73505,1
deme324,-3,-7,10,-3,-9.814954576223638,#BA1921,1
deme325,-4,-6,10,-4,-9.237604307034012,#BA1921,1
deme326,-5,-5,10,-5,-8.660254037844386,#BA1921,1
deme327,-6,-4,10,-6,-8.08290376865476,#D32956,1
deme328,-7,-3,10,-7,-7.505553499465134,#D32956,1
deme329,-8,-2,10,-8,-6.928203230275509,#D32956,1
deme330,-9,-1,10,-9,-6.350852961085883,#D32956,1
deme331,-10,0,10,-10,-5.773502691896256,#EB488F,1
